2.000000000000000000e+00,0.000000000000000000e+00,1.462863790220112037e+00,1.469002584025064895e+00,1.500036858974357901e-01,-2.106297358750452986e-10,1.469002584138243916e+00,1.000000362660101949e+00
2.000000000000000000e+00,1.000000000000000000e+00,1.612867444066264921e+00,1.619006292771560052e+00,1.500036538461538005e-01,3.868212417046378897e-10,1.619006292563706984e+00,1.000000363026166905e+00
2.000000000000000000e+00,2.000000000000000000e+00,1.762871121950881026e+00,1.769010024946163995e+00,1.500036778846154106e-01,4.258104979726339743e-11,1.769010024923282964e+00,1.000000363066462894e+00
2.000000000000000000e+00,3.000000000000000000e+00,1.912874775797035021e+00,1.919013732800606054e+00,1.500036538461539948e-01,-4.301270450923765958e-10,1.919013733031728952e+00,1.000000362659416053e+00
2.000000000000000000e+00,4.000000000000000000e+00,2.062878461694471088e+00,2.069017473379282102e+00,1.500036858974357901e-01,4.986944190932263155e-11,2.069017473352486203e+00,1.000000362706610080e+00
2.000000000000000000e+00,5.000000000000000000e+00,2.212882115540625083e+00,2.219021181797125042e+00,1.500036538461539948e-01,1.911679703425762062e-10,2.219021181694404099e+00,1.000000362887520033e+00
2.000000000000000000e+00,6.000000000000000000e+00,2.362885801438059818e+00,2.369024922094101093e+00,1.500036858974355958e-01,6.779643513254995923e-11,2.369024922057672011e+00,1.000000362951678046e+00
2.000000000000000000e+00,7.000000000000000000e+00,2.512889455284213813e+00,2.519028630731045215e+00,1.500036538461539948e-01,3.831424066902400227e-10,2.519028630525169010e+00,1.000000363314260898e+00
2.000000000000000000e+00,8.000000000000000000e+00,2.662893141181649881e+00,2.669032370949770083e+00,1.500036858974360954e-01,2.868638659947464152e-11,2.669032370934356191e+00,1.000000363341408960e+00
2.000000000000000000e+00,9.000000000000000000e+00,2.812896795027803876e+00,2.819036079602363909e+00,1.500036538461536062e-01,3.193161290937496233e-10,2.819036079430783825e+00,1.000000363643589907e+00
2.000000000000000000e+00,1.000000000000000000e+01,2.962900472912418870e+00,2.969039811667418149e+00,1.500036778846154106e-01,-1.958575523985927899e-10,2.969039811772658854e+00,1.000000363458241948e+00
2.000000000000000000e+00,1.100000000000000000e+01,3.112904134771393050e+00,3.119043528145032163e+00,1.500036618589742077e-01,-6.668443575108540244e-12,3.119043528148615962e+00,1.000000363451932106e+00
2.000000000000000000e+00,1.200000000000000000e+01,3.262907812656008932e+00,3.269047260257035958e+00,1.500036778846154106e-01,-2.953211009071309883e-10,3.269047260415722800e+00,1.000000363172458107e+00
2.000000000000000000e+00,1.300000000000000000e+01,3.412911474514984000e+00,3.419050976812901155e+00,1.500036618589745963e-01,6.100542293552280171e-11,3.419050976780121154e+00,1.000000363230189038e+00
2.000000000000000000e+00,1.400000000000000000e+01,3.562915152399598995e+00,3.569054709316155982e+00,1.500036778846154106e-01,1.655564574321032916e-10,3.569054709227196920e+00,1.000000363386861935e+00
2.000000000000000000e+00,1.500000000000000000e+01,3.712918814258573175e+00,3.719058425183419114e+00,1.500036618589742077e-01,-4.121130103840187076e-10,3.719058425404861978e+00,1.000000362996863013e+00
2.000000000000000000e+00,1.600000000000000000e+01,3.862922492143189057e+00,3.869062158156174824e+00,1.500036778846154106e-01,4.158327016057227803e-10,3.869062157932733115e+00,1.000000363390382008e+00
2.000000000000000000e+00,1.700000000000000000e+01,4.012926154002162349e+00,4.019065874054737364e+00,1.500036618589737081e-01,-2.468567572577740066e-10,4.019065874187382370e+00,1.000000363156771988e+00
2.000000000000000000e+00,1.800000000000000000e+01,4.162929831886778231e+00,4.169069606902294112e+00,1.500036778846159102e-01,3.554454508503113175e-10,4.169069606711301113e+00,1.000000363493144029e+00
2.000000000000000000e+00,1.900000000000000000e+01,4.312933493745751967e+00,4.319073322957357242e+00,1.500036618589737081e-01,-1.382201020305728889e-10,4.319073323031627609e+00,1.000000363362341105e+00
2.000000000000000000e+00,2.000000000000000000e+01,4.462937171630367850e+00,4.469077055460613401e+00,1.500036778846159102e-01,3.868194653477984766e-11,4.469077055439828250e+00,1.000000363398946934e+00
2.000000000000000000e+00,2.100000000000000000e+01,4.612940833489341586e+00,4.619080772079077413e+00,1.500036618589737081e-01,2.691020739575832914e-10,4.619080771934478413e+00,1.000000363653609003e+00
2.000000000000000000e+00,2.200000000000000000e+01,4.762944511373956580e+00,4.769084504347580911e+00,1.500036778846159102e-01,-2.089350914502574920e-11,4.769084504358806598e+00,1.000000363633837042e+00
2.000000000000000000e+00,2.300000000000000000e+01,4.912948173232932092e+00,4.919088220762595220e+00,1.500036618589745963e-01,-1.593392084942025071e-12,4.919088220763451424e+00,1.000000363632328915e+00
2.000000000000000000e+00,2.400000000000000000e+01,5.062951851117547086e+00,5.069091952952849311e+00,1.500036778846149943e-01,-2.414033417608151859e-10,5.069091953082565105e+00,1.000000363403878989e+00
2.000000000000000000e+00,2.500000000000000000e+01,5.212955512976521710e+00,5.219095669618264210e+00,1.500036618589745963e-01,1.648121639163946125e-10,5.219095669529704828e+00,1.000000363559848005e+00
2.000000000000000000e+00,2.600000000000000000e+01,5.362959198873957334e+00,5.369099409852639226e+00,1.500036858974355958e-01,-1.098179325254022972e-10,5.369099409911648912e+00,1.000000363455922026e+00
2.000000000000000000e+00,2.700000000000000000e+01,5.512962852720111329e+00,5.519103118442633793e+00,1.500036538461539948e-01,1.651141445790927068e-10,5.519103118353911874e+00,1.000000363612177035e+00
2.000000000000000000e+00,2.800000000000000000e+01,5.662966538617546952e+00,5.669106858723958808e+00,1.500036858974355958e-01,-7.055511730413854821e-11,5.669106858761870704e+00,1.000000363545408000e+00
2.000000000000000000e+00,2.900000000000000000e+01,5.812970192463700947e+00,5.819110567126151601e+00,1.500036538461539948e-01,-1.501376800661092016e-11,5.819110567134218037e+00,1.000000363531198921e+00
2.000000000000000000e+00,3.000000000000000000e+01,5.962973878361136570e+00,5.969114307391826912e+00,1.500036858974355958e-01,-1.708464480998372892e-10,5.969114307483629034e+00,1.000000363369520029e+00
2.000000000000000000e+00,3.100000000000000000e+01,6.112977540220111194e+00,6.119118023744240631e+00,1.500036618589745963e-01,-1.051212450420279961e-10,6.119118023800727002e+00,1.000000363270040049e+00
2.000000000000000000e+00,3.200000000000000000e+01,6.262981218104727077e+00,6.269121756529196787e+00,1.500036778846159102e-01,3.520117530797505816e-10,6.269121756340049423e+00,1.000000363603162912e+00
2.000000000000000000e+00,3.300000000000000000e+01,6.412984823873957296e+00,6.419125416478866697e+00,1.500036057692301916e-01,-1.721964792977815054e-10,6.419125416571395348e+00,1.000000363440207041e+00
2.000000000000000000e+00,3.400000000000000000e+01,6.562988565861137324e+00,6.569129213303786408e+00,1.500037419871800004e-01,2.278213173667608967e-10,6.569129213181371441e+00,1.000000363655803026e+00
2.000000000000000000e+00,3.500000000000000000e+01,6.712992219707290431e+00,6.719132921518179202e+00,1.500036538461531066e-01,-5.904254862798552494e-11,6.719132921549905824e+00,1.000000363599929054e+00
2.000000000000000000e+00,3.600000000000000000e+01,6.862995905604726943e+00,6.869136662002954807e+00,1.500036858974365117e-01,1.428190898877801050e-11,6.869136661995280058e+00,1.000000363613444021e+00
2.000000000000000000e+00,3.700000000000000000e+01,7.012999559450880938e+00,7.019140370123447603e+00,1.500036538461539948e-01,-2.613305127852071957e-10,7.019140370263870388e+00,1.000000363366136957e+00
2.000000000000000000e+00,3.800000000000000000e+01,7.163003245348316561e+00,7.169144110764723798e+00,1.500036858974355958e-01,9.715783733099669917e-11,7.169144110712517559e+00,1.000000363458080965e+00
2.000000000000000000e+00,3.900000000000000000e+01,7.313006907207291185e+00,7.319147827242337812e+00,1.500036618589745963e-01,1.508020375240448888e-10,7.319147827161305742e+00,1.000000363600791031e+00
2.000000000000000000e+00,4.000000000000000000e+01,7.463010593104726809e+00,7.469151567617563714e+00,1.500036858974355958e-01,1.736388810513745152e-11,7.469151567608233400e+00,1.000000363617222998e+00
2.000000000000000000e+00,4.100000000000000000e+01,7.613014246950880803e+00,7.619155276098006802e+00,1.500036538461539948e-01,9.970690939553605858e-11,7.619155276044430991e+00,1.000000363711579965e+00
2.000000000000000000e+00,4.200000000000000000e+01,7.763017932848316427e+00,7.769159016833182996e+00,1.500036858974355958e-01,3.332374376441293862e-10,7.769159016654121785e+00,1.000000364026935928e+00
2.000000000000000000e+00,4.300000000000000000e+01,7.913021594707291051e+00,7.919162733091696715e+00,1.500036618589745963e-01,-2.677325028344058147e-11,7.919162733106083429e+00,1.000000364001599973e+00
2.000000000000000000e+00,4.400000000000000000e+01,8.063025272591907822e+00,8.069166465266301103e+00,1.500036778846167984e-01,-3.259774672415006142e-10,8.069166465441460545e+00,1.000000363693114069e+00
2.000000000000000000e+00,4.500000000000000000e+01,8.213028934450880669e+00,8.219170181916066298e+00,1.500036618589727921e-01,6.033396005022950703e-11,8.219170181883646009e+00,1.000000363750211063e+00
2.000000000000000000e+00,4.600000000000000000e+01,8.363032620348317181e+00,8.369173922338241312e+00,1.500036858974365117e-01,-6.712852496093547314e-12,8.369173922341849092e+00,1.000000363743857923e+00
2.000000000000000000e+00,4.700000000000000000e+01,8.513036274194471176e+00,8.519177630646534993e+00,1.500036538461539948e-01,-1.043751751694799039e-10,8.519177630702619908e+00,1.000000363645084045e+00
2.000000000000000000e+00,4.800000000000000000e+01,8.663039968104728317e+00,8.669181378971980934e+00,1.500036939102571132e-01,-1.890025913553471975e-10,8.669181379073538807e+00,1.000000363466222897e+00
2.000000000000000000e+00,4.900000000000000000e+01,8.813043621950882311e+00,8.819185087874975792e+00,1.500036538461539948e-01,4.340208192843419965e-10,8.819185087641761456e+00,1.000000363876953902e+00
2.000000000000000000e+00,5.000000000000000000e+01,8.963047307848317047e+00,8.969188827827649035e+00,1.500036858974347076e-01,-2.944311461305915145e-10,8.969188827985856705e+00,1.000000363598321895e+00
2.000000000000000000e+00,5.100000000000000000e+01,9.113050961694471042e+00,9.119192536761945078e+00,1.500036538461539948e-01,3.888569466425905768e-10,9.119192536552997552e+00,1.000000363966313088e+00
2.000000000000000000e+00,5.200000000000000000e+01,9.263054655604728183e+00,9.269196284711789247e+00,1.500036939102571132e-01,-3.477573784493869818e-10,9.269196284898651328e+00,1.000000363637215894e+00
2.000000000000000000e+00,5.300000000000000000e+01,9.413058309450882177e+00,9.419199993426984108e+00,1.500036538461539948e-01,1.352677969634896985e-10,9.419199993354299139e+00,1.000000363765225941e+00
2.000000000000000000e+00,5.400000000000000000e+01,9.563061995348316913e+00,9.569203733504858533e+00,1.500036858974347076e-01,-3.129994041728422809e-10,9.569203733673043999e+00,1.000000363469021991e+00
2.000000000000000000e+00,5.500000000000000000e+01,9.713065657207291537e+00,9.719207449841622548e+00,1.500036618589745963e-01,-2.120810194128353032e-10,9.719207449955581168e+00,1.000000363268320980e+00
2.000000000000000000e+00,5.600000000000000000e+01,9.863069343104728048e+00,9.869211190529847855e+00,1.500036858974365117e-01,1.852438202831762934e-10,9.869211190430309699e+00,1.000000363443624973e+00
2.000000000000000000e+00,5.700000000000000000e+01,1.001307299695088027e+01,1.001921489886943917e+01,1.500036538461539948e-01,7.510614352668198990e-11,1.001921489882908034e+01,1.000000363514701007e+00
2.000000000000000000e+00,5.800000000000000000e+01,1.016307669086113918e+01,1.016921864742963955e+01,1.500036939102553923e-01,1.617515010821080068e-10,1.016921864734272063e+01,1.000000363667773007e+00
2.000000000000000000e+00,5.900000000000000000e+01,1.031308034470728963e+01,1.031922235565967938e+01,1.500036538461539948e-01,-8.068923307291697711e-11,1.031922235570304025e+01,1.000000363591412977e+00
2.000000000000000000e+00,6.000000000000000000e+01,1.046308403060472969e+01,1.046922609650441061e+01,1.500036858974365117e-01,3.638795931237837067e-10,1.046922609630887990e+01,1.000000363935767078e+00
2.000000000000000000e+00,6.100000000000000000e+01,1.061308769246370076e+01,1.061922981238732078e+01,1.500036618589745963e-01,-3.722337993394830846e-10,1.061922981258734033e+01,1.000000363583507079e+00
2.000000000000000000e+00,6.200000000000000000e+01,1.076309137836114083e+01,1.076923355337289934e+01,1.500036858974347076e-01,3.492619526923589939e-10,1.076923355318523079e+01,1.000000363914028023e+00
2.000000000000000000e+00,6.300000000000000000e+01,1.091309504022011012e+01,1.091923726956881069e+01,1.500036618589745963e-01,-6.382805395332979970e-11,1.091923726960311036e+01,1.000000363853625007e+00
2.000000000000000000e+00,6.400000000000000000e+01,1.106309872611755019e+01,1.106924100999098926e+01,1.500036858974365117e-01,-8.894396330560994102e-11,1.106924101003878036e+01,1.000000363769453005e+00
2.000000000000000000e+00,6.500000000000000000e+01,1.121310237996370063e+01,1.121924471847142968e+01,1.500036538461539948e-01,1.974953534045198144e-11,1.121924471846081950e+01,1.000000363788142943e+00
2.000000000000000000e+00,6.600000000000000000e+01,1.136310606586114069e+01,1.136924845926921002e+01,1.500036858974347076e-01,3.413909155369764841e-10,1.136924845908576920e+01,1.000000364111214957e+00
2.000000000000000000e+00,6.700000000000000000e+01,1.151310972772010999e+01,1.151925217562162018e+01,1.500036618589745963e-01,5.886491294404549990e-11,1.151925217558999037e+01,1.000000364166921063e+00
2.000000000000000000e+00,6.800000000000000000e+01,1.166311341361755005e+01,1.166925591621595082e+01,1.500036858974365117e-01,1.021387419086750015e-10,1.166925591616105962e+01,1.000000364263579078e+00
2.000000000000000000e+00,6.900000000000000000e+01,1.181311707547651935e+01,1.181925963253705980e+01,1.500036618589745963e-01,-1.238493751998248885e-10,1.181925963260360923e+01,1.000000364146375942e+00
2.000000000000000000e+00,7.000000000000000000e+01,1.196312076137395941e+01,1.196926337302184074e+01,1.500036858974347076e-01,-1.025064477744309050e-10,1.196926337307690957e+01,1.000000364049369983e+00
2.000000000000000000e+00,7.100000000000000000e+01,1.211312442323293048e+01,1.211926708953074971e+01,1.500036618589745963e-01,-1.387867598623416011e-11,1.211926708953821041e+01,1.000000364036236045e+00
2.000000000000000000e+00,7.200000000000000000e+01,1.226312810913037055e+01,1.226927083009377917e+01,1.500036858974365117e-01,5.135447622706124093e-11,1.226927083006617991e+01,1.000000364084834947e+00
2.000000000000000000e+00,7.300000000000000000e+01,1.241313177098933984e+01,1.241927454677484022e+01,1.500036618589745963e-01,2.356248529622462229e-10,1.241927454664823038e+01,1.000000364307815914e+00
2.000000000000000000e+00,7.400000000000000000e+01,1.256313545688677991e+01,1.256927828693095961e+01,1.500036858974365117e-01,-2.622169148480680240e-10,1.256927828707186023e+01,1.000000364059669966e+00
2.000000000000000000e+00,7.500000000000000000e+01,1.271313911874574920e+01,1.271928200381547924e+01,1.500036618589727921e-01,2.743600902022080845e-10,1.271928200366805939e+01,1.000000364319306945e+00
2.000000000000000000e+00,7.600000000000000000e+01,1.286314280464318927e+01,1.286928574411244952e+01,1.500036858974365117e-01,-1.022790740989875954e-10,1.286928574416741000e+01,1.000000364222517035e+00
2.000000000000000000e+00,7.700000000000000000e+01,1.301314646650216034e+01,1.301928946048052005e+01,1.500036618589745963e-01,-1.805791072229112873e-10,1.301928946057754999e+01,1.000000364051627066e+00
2.000000000000000000e+00,7.800000000000000000e+01,1.316315015239960040e+01,1.316929320109050039e+01,1.500036858974365117e-01,6.421529974431904622e-12,1.316929320108705070e+01,1.000000364057703983e+00
2.000000000000000000e+00,7.900000000000000000e+01,1.331315381425856970e+01,1.331929691766200996e+01,1.500036618589727921e-01,1.060023180343704945e-10,1.331929691760504930e+01,1.000000364158017963e+00
2.000000000000000000e+00,8.000000000000000000e+01,1.346315750015600976e+01,1.346930065795898912e+01,1.500036858974365117e-01,-1.685478423496533909e-10,1.346930065804954957e+01,1.000000363998515107e+00
2.000000000000000000e+00,8.100000000000000000e+01,1.361316116201498083e+01,1.361930437442095077e+01,1.500036618589745963e-01,-8.868816792073630495e-11,1.361930437446861042e+01,1.000000363914586021e+00
2.000000000000000000e+00,8.200000000000000000e+01,1.376316484791241912e+01,1.376930811487443052e+01,1.500036858974365117e-01,-8.014566788006050047e-11,1.376930811491748941e+01,1.000000363838740913e+00
2.000000000000000000e+00,8.300000000000000000e+01,1.391316850977139019e+01,1.391931183136768979e+01,1.500036618589727921e-01,1.408118066592579028e-11,1.391931183136012073e+01,1.000000363852066032e+00
2.000000000000000000e+00,8.400000000000000000e+01,1.406317219566883026e+01,1.406931557188375947e+01,1.500036858974365117e-01,4.705391631887322810e-11,1.406931557185848014e+01,1.000000363896595079e+00
2.000000000000000000e+00,8.500000000000000000e+01,1.421317585752779955e+01,1.421931928842398030e+01,1.500036618589745963e-01,1.206998945235681927e-10,1.421931928835912018e+01,1.000000364010817933e+00
2.000000000000000000e+00,8.600000000000000000e+01,1.436317954342523961e+01,1.436932302886181034e+01,1.500036858974365117e-01,2.282618538629321847e-12,1.436932302886057933e+01,1.000000364012977982e+00
2.000000000000000000e+00,8.700000000000000000e+01,1.451318320528421069e+01,1.451932674527681932e+01,1.500036618589727921e-01,-4.601474756782408804e-11,1.451932674530154088e+01,1.000000363969433037e+00
2.000000000000000000e+00,8.800000000000000000e+01,1.466318689118165075e+01,1.466933048593375055e+01,1.500036858974365117e-01,1.380087155666843108e-10,1.466933048585958943e+01,1.000000364100035899e+00
2.000000000000000000e+00,8.900000000000000000e+01,1.481319055304063070e+01,1.481933420266176071e+01,1.500036618589745963e-01,3.268585402338430868e-10,1.481933420248613054e+01,1.000000364409354914e+00
2.000000000000000000e+00,9.000000000000000000e+01,1.496319423893806011e+01,1.496933794308393040e+01,1.500036858974365117e-01,3.762323785849729838e-11,1.496933794306372079e+01,1.000000364444959988e+00
2.000000000000000000e+00,9.100000000000000000e+01,1.511319790880986069e+01,1.511934166762132037e+01,1.500036698717935046e-01,1.772804125721449964e-11,1.511934166761179021e+01,1.000000364461735902e+00
2.000000000000000000e+00,9.200000000000000000e+01,1.526320159470729010e+01,1.526934540813740071e+01,1.500036858974365117e-01,-4.243894125011137739e-11,1.526934540816020025e+01,1.000000364421574917e+00
2.000000000000000000e+00,9.300000000000000000e+01,1.541320525656627005e+01,1.541934912430201088e+01,1.500036618589745963e-01,-3.817355320734350244e-10,1.541934912450713036e+01,1.000000364060322999e+00
2.000000000000000000e+00,9.400000000000000000e+01,1.556320894246369946e+01,1.556935286535019003e+01,1.500036858974365117e-01,3.352305100179365189e-10,1.556935286517006034e+01,1.000000364377565010e+00
2.000000000000000000e+00,9.500000000000000000e+01,1.571321260432267941e+01,1.571935658143654990e+01,1.500036618589727921e-01,-2.504485507870413130e-10,1.571935658157111959e+01,1.000000364140555043e+00
2.000000000000000000e+00,9.600000000000000000e+01,1.586321621009190963e+01,1.586936024198091921e+01,1.500036057692319957e-01,1.816857775338575852e-11,1.586936024197115991e+01,1.000000364157749067e+00
2.000000000000000000e+00,9.700000000000000000e+01,1.601321995207909055e+01,1.601936403852414159e+01,1.500037419871791122e-01,-5.922373702560435049e-11,1.601936403855595970e+01,1.000000364101703010e+00
2.000000000000000000e+00,9.800000000000000000e+01,1.616322364598934058e+01,1.616936778735038871e+01,1.500036939102571132e-01,2.675690780051808753e-10,1.616936778720661039e+01,1.000000364354914906e+00
2.000000000000000000e+00,9.900000000000000000e+01,1.631322730784831876e+01,1.631937150378104917e+01,1.500036618589745963e-01,6.089351245464058593e-11,1.631937150374832868e+01,1.000000364412541032e+00
2.000000000000000000e+00,1.000000000000000000e+02,1.646323099374574994e+01,1.646937524415627863e+01,1.500036858974347076e-01,-1.527133974832395066e-10,1.646937524423832855e+01,1.000000364268021968e+00
2.000000000000000000e+00,1.010000000000000000e+02,1.661323465560473167e+01,1.661937896075908938e+01,1.500036618589745963e-01,2.024691525548405157e-11,1.661937896074821097e+01,1.000000364287181975e+00
2.000000000000000000e+00,1.020000000000000000e+02,1.676323834150215930e+01,1.676938270119691055e+01,1.500036858974347076e-01,-9.315215265814913437e-11,1.676938270124696828e+01,1.000000364199028047e+00
2.000000000000000000e+00,1.030000000000000000e+02,1.691324201137395988e+01,1.691938642557780170e+01,1.500036698717970018e-01,-1.721538467336358994e-10,1.691938642567031081e+01,1.000000364036111922e+00
2.000000000000000000e+00,1.040000000000000000e+02,1.706324569727139107e+01,1.706939016598433057e+01,1.500036858974347076e-01,-1.901732105125119884e-10,1.706939016608651016e+01,1.000000363856144103e+00
2.000000000000000000e+00,1.050000000000000000e+02,5.848333489342259252e-03,1.199285721216446048e-02,1.500036618589745963e-01,3.279474469763953886e-10,1.199285703594583051e-02,1.000000364166494071e+00
2.000000000000000000e+00,1.060000000000000000e+02,1.558520193867780901e-01,1.619965972743890037e-01,1.500036858974359011e-01,-2.853095537602711767e-10,1.619965974276955101e-01,1.000000363896494049e+00
2.000000000000000000e+00,1.070000000000000000e+02,3.058556812457525753e-01,3.120003141432541871e-01,1.500036618589744020e-01,2.707771784571377793e-10,3.120003139977555184e-01,1.000000364152741072e+00
2.000000000000000000e+00,1.080000000000000000e+02,4.558593751560088836e-01,4.620040623904497212e-01,1.500036939102563915e-01,-1.418190009871977963e-10,4.620040624666534868e-01,1.000000364018531984e+00
2.000000000000000000e+00,1.090000000000000000e+02,6.058630370149832300e-01,6.120077791967147851e-01,1.500036618589742909e-01,2.669739984639817914e-10,6.120077790532599815e-01,1.000000364271180109e+00
2.000000000000000000e+00,1.100000000000000000e+02,7.558667229124191866e-01,7.620115194936899483e-01,1.500036858974360121e-01,-9.902478836920636240e-11,7.620115195469003844e-01,1.000000364177469070e+00
2.000000000000000000e+00,1.110000000000000000e+02,9.058703847713935886e-01,9.120152360965044780e-01,1.500036618589744020e-01,6.267519836455903715e-11,9.120152360628263066e-01,1.000000364236780959e+00
2.000000000000000000e+00,1.120000000000000000e+02,1.055874078681650063e+00,1.062018984844500968e+00,1.500036939102565026e-01,2.345554861449273238e-10,1.062018984718466008e+00,1.000000364458750957e+00
2.000000000000000000e+00,1.130000000000000000e+02,1.205877740540624021e+00,1.212022701071715058e+00,1.500036618589744020e-01,-1.758735379553399980e-10,1.212022701166217020e+00,1.000000364292314092e+00
2.000000000000000000e+00,1.140000000000000000e+02,1.355881426438060089e+00,1.362026441572139923e+00,1.500036858974357901e-01,-1.367030932897251009e-10,1.362026441645594943e+00,1.000000364162946909e+00
2.000000000000000000e+00,1.150000000000000000e+02,1.505885088297034935e+00,1.512030158237555044e+00,1.500036618589744020e-01,1.072102406851627036e-10,1.512030158179948014e+00,1.000000364264403974e+00
2.000000000000000000e+00,1.160000000000000000e+02,1.655888782207290966e+00,1.662033906719500909e+00,1.500036939102565026e-01,-1.170974428532644945e-11,1.662033906725792987e+00,1.000000364253323060e+00
2.000000000000000000e+00,1.170000000000000000e+02,1.805892444066264924e+00,1.812037622993664998e+00,1.500036618589742077e-01,-2.304343382775186910e-10,1.812037623117485063e+00,1.000000364035253053e+00
2.000000000000000000e+00,1.180000000000000000e+02,1.955896137976522065e+00,1.962041371694712044e+00,1.500036939102565026e-01,6.033751276390830753e-11,1.962041371662289979e+00,1.000000364092352934e+00
2.000000000000000000e+00,1.190000000000000000e+02,2.105899799835496022e+00,2.112045087874975025e+00,1.500036618589745963e-01,-2.614761740460381196e-10,2.112045088015475969e+00,1.000000363844907980e+00
2.000000000000000000e+00,1.200000000000000000e+02,2.255903485732932090e+00,2.262048828344100038e+00,1.500036858974355958e-01,-1.468869470500067109e-10,2.262048828423028901e+00,1.000000363705902950e+00
2.000000000000000000e+00,1.210000000000000000e+02,2.405907147591907158e+00,2.412052544696515088e+00,1.500036618589745963e-01,-1.427054030500584955e-10,2.412052544773195972e+00,1.000000363570854978e+00
2.000000000000000000e+00,1.220000000000000000e+02,2.555910841502162967e+00,2.562056293601012058e+00,1.500036939102563083e-01,3.805880055551825143e-10,2.562056293396508977e+00,1.000000363931021097e+00
2.000000000000000000e+00,1.230000000000000000e+02,2.705914503361137147e+00,2.712060009781275038e+00,1.500036618589742077e-01,-6.519407236282859230e-11,2.712060009816306128e+00,1.000000363869324893e+00
2.000000000000000000e+00,1.240000000000000000e+02,2.855918197271393844e+00,2.862063758497972010e+00,1.500036939102566969e-01,1.896669488132828912e-10,2.862063758396057089e+00,1.000000364048813983e+00
2.000000000000000000e+00,1.250000000000000000e+02,3.005921859130368023e+00,3.012067474599985140e+00,1.500036618589742077e-01,-2.637019491658065817e-10,3.012067474741681128e+00,1.000000363799262937e+00
2.000000000000000000e+00,1.260000000000000000e+02,3.155925553040623832e+00,3.162071223207131965e+00,1.500036939102563083e-01,-1.603872590294486145e-11,3.162071223215749960e+00,1.000000363784085078e+00
2.000000000000000000e+00,1.270000000000000000e+02,3.305929214899598900e+00,3.312074939700396126e+00,1.500036618589745963e-01,5.672617930940759834e-11,3.312074939669915175e+00,1.000000363837767026e+00
2.000000000000000000e+00,1.280000000000000000e+02,3.455932900797034968e+00,3.462078680310372025e+00,1.500036858974360954e-01,1.660147574966686079e-10,3.462078680221166049e+00,1.000000363994872910e+00
2.000000000000000000e+00,1.290000000000000000e+02,3.605936570668830221e+00,3.612082404613005782e+00,1.500036698717948092e-01,-8.052225553001335356e-11,3.612082404656272949e+00,1.000000363918672086e+00
2.000000000000000000e+00,1.300000000000000000e+02,3.755940256566264956e+00,3.762086145097780943e+00,1.500036858974355958e-01,-4.506972572926314833e-11,3.762086145121998015e+00,1.000000363876019982e+00
2.000000000000000000e+00,1.310000000000000000e+02,3.905943918425240025e+00,3.912089861637995991e+00,1.500036618589745963e-01,7.428724302371847443e-11,3.912089861598079032e+00,1.000000363946321968e+00
2.000000000000000000e+00,1.320000000000000000e+02,4.055947612335495833e+00,4.062093609963440599e+00,1.500036939102558087e-01,-1.381863512506243100e-10,4.062093610037693203e+00,1.000000363815549909e+00
2.000000000000000000e+00,1.330000000000000000e+02,4.205951274194469569e+00,4.212097326691456090e+00,1.500036618589745963e-01,2.211244520822220042e-10,4.212097326572639133e+00,1.000000364024808963e+00
2.000000000000000000e+00,1.340000000000000000e+02,4.355954968104726710e+00,4.362101074672601442e+00,1.500036939102563083e-01,-4.153601906864424171e-10,4.362101074895789132e+00,1.000000363631736944e+00
2.000000000000000000e+00,1.350000000000000000e+02,4.505958629963701334e+00,4.512104791447566043e+00,1.500036618589745963e-01,1.467093113660667117e-10,4.512104791368733103e+00,1.000000363770574108e+00
2.000000000000000000e+00,1.360000000000000000e+02,4.655962323873957587e+00,4.662108539491311099e+00,1.500036939102563083e-01,-3.546070104221143993e-10,4.662108539681854680e+00,1.000000363434994988e+00
2.000000000000000000e+00,1.370000000000000000e+02,4.805965985732932211e+00,4.812112256313226588e+00,1.500036618589745963e-01,2.558167011557089216e-10,4.812112256175765879e+00,1.000000363677084891e+00
2.000000000000000000e+00,1.380000000000000000e+02,4.955969679643187575e+00,4.962116004466521346e+00,1.500036939102563083e-01,-1.724060894048307091e-10,4.962116004559161908e+00,1.000000363513930068e+00
2.000000000000000000e+00,1.390000000000000000e+02,5.105973341502162199e+00,5.112119721038036246e+00,1.500036618589737081e-01,9.147882451543409843e-11,5.112119720988880900e+00,1.000000363600499931e+00
2.000000000000000000e+00,1.400000000000000000e+02,5.255977035412419340e+00,5.262123469551282184e+00,1.500036939102571132e-01,1.107256508703357993e-10,5.262123469491785777e+00,1.000000363705283890e+00
2.000000000000000000e+00,1.410000000000000000e+02,5.405980697271393076e+00,5.412127185950645902e+00,1.500036618589737081e-01,4.276223819488222944e-11,5.412127185927667838e+00,1.000000363745751963e+00
2.000000000000000000e+00,1.420000000000000000e+02,5.555984391181649329e+00,5.562130934416941841e+00,1.500036939102563083e-01,1.581135222750162939e-11,5.562130934408446414e+00,1.000000363760715105e+00
2.000000000000000000e+00,1.430000000000000000e+02,5.705988053040623953e+00,5.712134650644156153e+00,1.500036618589745963e-01,-1.887023870494886069e-10,5.712134650745553266e+00,1.000000363582137952e+00
2.000000000000000000e+00,1.440000000000000000e+02,5.855991746950880206e+00,5.862138399063502092e+00,1.500036939102563083e-01,-1.309707897689804926e-10,5.862138399133877797e+00,1.000000363458195096e+00
2.000000000000000000e+00,1.450000000000000000e+02,6.005995408809854830e+00,6.012142115384616403e+00,1.500036618589745963e-01,-1.282973727256830898e-10,6.012142115453554148e+00,1.000000363336781994e+00
2.000000000000000000e+00,1.460000000000000000e+02,6.155999102720111082e+00,6.162145864148262042e+00,1.500036939102563083e-01,2.825917277959887935e-10,6.162145863996416395e+00,1.000000363604210074e+00
2.000000000000000000e+00,1.470000000000000000e+02,6.306002772591906336e+00,6.312149588278746393e+00,1.500036698717953088e-01,-1.314290898335457055e-10,6.312149588349369012e+00,1.000000363479834009e+00
2.000000000000000000e+00,1.480000000000000000e+02,6.456006458489341959e+00,6.462153328857421997e+00,1.500036858974355958e-01,8.730260958600410959e-11,6.462153328810511077e+00,1.000000363562451922e+00
2.000000000000000000e+00,1.490000000000000000e+02,6.606010120348316583e+00,6.612157045209835715e+00,1.500036618589745963e-01,4.650502205549855717e-12,6.612157045207337269e+00,1.000000363566853068e+00
2.000000000000000000e+00,1.500000000000000000e+02,6.756013814258572836e+00,6.762160793957833427e+00,1.500036939102563083e-01,3.038671536614855933e-10,6.762160793794553371e+00,1.000000363854413932e+00
2.000000000000000000e+00,1.510000000000000000e+02,6.906017484130368089e+00,6.912164517931816299e+00,1.500036698717953088e-01,-3.140296911396944779e-10,6.912164518100555988e+00,1.000000363557234984e+00
2.000000000000000000e+00,1.520000000000000000e+02,7.056021178040624342e+00,7.062168266695462826e+00,1.500036939102563083e-01,1.497220125656895107e-10,7.062168266615011625e+00,1.000000363698922978e+00
2.000000000000000000e+00,1.530000000000000000e+02,7.206024839899598078e+00,7.212171982985276841e+00,1.500036618589737081e-01,-4.487787919060792774e-11,7.212171983009391774e+00,1.000000363656454061e+00
2.000000000000000000e+00,1.540000000000000000e+02,7.356028533809855219e+00,7.362175731842823367e+00,1.500036939102571132e-01,3.733617859325021920e-10,7.362175731642201626e+00,1.000000364009780984e+00
2.000000000000000000e+00,1.550000000000000000e+02,7.506032195668828955e+00,7.512179448148287086e+00,1.500036618589737081e-01,4.431299771567864809e-11,7.512179448124476799e+00,1.000000364051716106e+00
2.000000000000000000e+00,1.560000000000000000e+02,7.656035889579086096e+00,7.662183196536333618e+00,1.500036939102571132e-01,-1.075015632068243964e-10,7.662183196594098966e+00,1.000000363949983040e+00
2.000000000000000000e+00,1.570000000000000000e+02,7.806039551438059831e+00,7.812186912998297927e+00,1.500036618589737081e-01,-4.860467583966965321e-11,7.812186913024414814e+00,1.000000363903986056e+00
2.000000000000000000e+00,1.580000000000000000e+02,7.956043245348316084e+00,7.962190661699343863e+00,1.500036939102563083e-01,1.777316072093527117e-10,7.962190661603843367e+00,1.000000364072181069e+00
2.000000000000000000e+00,1.590000000000000000e+02,8.106046827079087080e+00,8.112194297845302771e+00,1.500035817307709962e-01,-1.014424100276301033e-10,8.112194297899812057e+00,1.000000363976182083e+00
2.000000000000000000e+00,1.600000000000000000e+02,8.256050609130369367e+00,8.262198134593475629e+00,1.500037820512822861e-01,4.457767488474929187e-11,8.262198134569523233e+00,1.000000364018367005e+00
2.000000000000000000e+00,1.610000000000000000e+02,8.406054270989342214e+00,8.412201851008488163e+00,1.500036618589727921e-01,-2.409628052646440078e-11,8.412201851021436028e+00,1.000000363995563912e+00
2.000000000000000000e+00,1.620000000000000000e+02,8.556057964899599355e+00,8.562205599803435874e+00,1.500036939102571132e-01,2.710631719082812197e-10,8.562205599657783495e+00,1.000000364252082052e+00
2.000000000000000000e+00,1.630000000000000000e+02,8.706061626758573979e+00,8.712209316296700479e+00,1.500036618589745963e-01,1.407958194477033038e-10,8.712209316221045441e+00,1.000000364385323026e+00
2.000000000000000000e+00,1.640000000000000000e+02,8.856065320668829344e+00,8.862213064575195531e+00,1.500036939102553923e-01,-2.152500400143254018e-10,8.862213064690857678e+00,1.000000364181623080e+00
2.000000000000000000e+00,1.650000000000000000e+02,9.006068990540624597e+00,9.012216789378630466e+00,1.500036698717953088e-01,1.873967647725293969e-10,9.012216789277935902e+00,1.000000364358963889e+00
2.000000000000000000e+00,1.660000000000000000e+02,9.156072684450881738e+00,9.162220537766676998e+00,1.500036939102571132e-01,-7.670664103898161557e-11,9.162220537807893805e+00,1.000000364286373955e+00
2.000000000000000000e+00,1.670000000000000000e+02,9.306076346309856362e+00,9.312224254416442193e+00,1.500036618589745963e-01,1.052846698712528063e-10,9.312224254359868780e+00,1.000000364386008922e+00
2.000000000000000000e+00,1.680000000000000000e+02,9.456080040220111727e+00,9.462228002882737243e+00,1.500036939102553923e-01,-4.663469610477478191e-11,9.462228002907796309e+00,1.000000364341876002e+00
2.000000000000000000e+00,1.690000000000000000e+02,9.606083710091906980e+00,9.612231727467072773e+00,1.500036698717953088e-01,3.486277933006932208e-11,9.612231727448339313e+00,1.000000364374868944e+00
2.000000000000000000e+00,1.700000000000000000e+02,9.756087404002164121e+00,9.762235475902068416e+00,1.500036939102571132e-01,-1.141042815788751015e-10,9.762235475963381148e+00,1.000000364266887098e+00
2.000000000000000000e+00,1.710000000000000000e+02,9.906091065861138745e+00,9.912239192567483315e+00,1.500036618589745963e-01,1.037605557030474043e-10,9.912239192511728803e+00,1.000000364365080108e+00
2.000000000000000000e+00,1.720000000000000000e+02,1.005609475977139056e+01,1.006224294097117955e+01,1.500036939102553923e-01,-1.069118127361435003e-10,1.006224294102863048e+01,1.000000364263905039e+00
2.000000000000000000e+00,1.730000000000000000e+02,1.020609842964318936e+01,1.021224666558680916e+01,1.500036698717953088e-01,4.546940601812821114e-11,1.021224666556238070e+01,1.000000364306935063e+00
2.000000000000000000e+00,1.740000000000000000e+02,1.035610212355345006e+01,1.036225041410006042e+01,1.500036939102571132e-01,-1.996447451801940851e-11,1.036225041411078962e+01,1.000000364288041954e+00
2.000000000000000000e+00,1.750000000000000000e+02,1.050610578541241935e+01,1.051225413062462088e+01,1.500036618589727921e-01,1.032418595059426055e-11,1.051225413061908043e+01,1.000000364297811917e+00
2.000000000000000000e+00,1.760000000000000000e+02,1.065610947932268004e+01,1.066225787937261948e+01,1.500036939102571132e-01,1.972697560859159890e-10,1.066225787926662072e+01,1.000000364484495918e+00
2.000000000000000000e+00,1.770000000000000000e+02,1.080611314919446997e+01,1.081226160345615916e+01,1.500036698717953088e-01,-3.562732331374717825e-10,1.081226160364759004e+01,1.000000364147340060e+00
2.000000000000000000e+00,1.780000000000000000e+02,1.095611684310473066e+01,1.096226535215719977e+01,1.500036939102553923e-01,-2.409272781278560028e-11,1.096226535217014941e+01,1.000000364124540075e+00
2.000000000000000000e+00,1.790000000000000000e+02,1.110612050496369996e+01,1.111226906846266971e+01,1.500036618589745963e-01,-1.864712828592018923e-10,1.111226906856285979e+01,1.000000363948075011e+00
2.000000000000000000e+00,1.800000000000000000e+02,1.125612420688677950e+01,1.126227282527042917e+01,1.500037019230777979e-01,1.909334912397752956e-10,1.126227282516783923e+01,1.000000364128762920e+00
2.000000000000000000e+00,1.810000000000000000e+02,1.140612786874575058e+01,1.141227654198280028e+01,1.500036618589745963e-01,3.353388677851398825e-10,1.141227654180261020e+01,1.000000364446107959e+00
2.000000000000000000e+00,1.820000000000000000e+02,1.155613156265600949e+01,1.156228029021433912e+01,1.500036939102553923e-01,-1.667839200081288905e-10,1.156228029030395987e+01,1.000000364288273103e+00
2.000000000000000000e+00,1.830000000000000000e+02,1.170613523252779942e+01,1.171228401493953086e+01,1.500036698717953088e-01,1.191935439237568062e-10,1.171228401487548076e+01,1.000000364401071096e+00
2.000000000000000000e+00,1.840000000000000000e+02,1.185613911874574988e+01,1.186228795555702042e+01,1.500038862179486898e-01,-1.979909569627124907e-10,1.186228795566339933e+01,1.000000364213704085e+00
2.000000000000000000e+00,1.850000000000000000e+02,1.200614259630986069e+01,1.201229148809970937e+01,1.500034775641019003e-01,2.388809150488668820e-10,1.201229148797134982e+01,1.000000364439765921e+00
2.000000000000000000e+00,1.860000000000000000e+02,1.215614648252780050e+01,1.216229542851374923e+01,1.500038862179486898e-01,-3.429327932735760049e-10,1.216229542869801961e+01,1.000000364115235074e+00
2.000000000000000000e+00,1.870000000000000000e+02,1.230614995207909068e+01,1.231229895312186962e+01,1.500034695512831029e-01,2.540208043910752167e-10,1.231229895298537080e+01,1.000000364355625004e+00
2.000000000000000000e+00,1.880000000000000000e+02,1.245615364598934072e+01,1.246230270130647000e+01,1.500036939102553923e-01,-2.438529378423481830e-10,1.246230270143749941e+01,1.000000364124856933e+00
2.000000000000000000e+00,1.890000000000000000e+02,1.260615731586113952e+01,1.261230642623510079e+01,1.500036698717953088e-01,3.057429864838923095e-10,1.261230642607081087e+01,1.000000364414193932e+00
2.000000000000000000e+00,1.900000000000000000e+02,1.275616100977138956e+01,1.276231017448229998e+01,1.500036939102571132e-01,-1.622506573539795030e-10,1.276231017456948003e+01,1.000000364260650088e+00
2.000000000000000000e+00,1.910000000000000000e+02,1.290616467964319014e+01,1.291231389912923078e+01,1.500036698717953088e-01,4.752287452447490068e-11,1.291231389910369920e+01,1.000000364305623002e+00
2.000000000000000000e+00,1.920000000000000000e+02,1.305616837355345083e+01,1.306231764795547967e+01,1.500036939102553923e-01,2.943369992181033012e-10,1.306231764779731996e+01,1.000000364584165968e+00
2.000000000000000000e+00,1.930000000000000000e+02,1.320617203541242013e+01,1.321232136402618984e+01,1.500036618589745963e-01,-3.190638864225547877e-10,1.321232136419764025e+01,1.000000364282223053e+00
2.000000000000000000e+00,1.940000000000000000e+02,1.335617572932268082e+01,1.336232511288373992e+01,1.500036939102571132e-01,1.321662779218968095e-10,1.336232511281271940e+01,1.000000364407297004e+00
2.000000000000000000e+00,1.950000000000000000e+02,1.350617939919447075e+01,1.351232883742111923e+01,1.500036698717935046e-01,7.417710889967565890e-11,1.351232883738127022e+01,1.000000364477493964e+00
2.000000000000000000e+00,1.960000000000000000e+02,1.365618309310472966e+01,1.366233258613782020e+01,1.500036939102571132e-01,1.733262422476399871e-10,1.366233258604468936e+01,1.000000364641518980e+00
2.000000000000000000e+00,1.970000000000000000e+02,1.380618676297651959e+01,1.381233631064391076e+01,1.500036698717953088e-01,2.985878211347881006e-11,1.381233631062785960e+01,1.000000364669775044e+00
2.000000000000000000e+00,1.980000000000000000e+02,1.395619045688678028e+01,1.396234005878154960e+01,1.500036939102553923e-01,-4.583782242661981792e-10,1.396234005902785036e+01,1.000000364235994033e+00
2.000000000000000000e+00,1.990000000000000000e+02,1.410619412675857021e+01,1.411234378367888986e+01,1.500036698717953088e-01,1.425011220135274925e-10,1.411234378360230934e+01,1.000000364370847938e+00
2.000000000000000000e+00,2.000000000000000000e+02,1.425619782066882912e+01,1.426234753212952988e+01,1.500036939102571132e-01,-4.001243780749064172e-11,1.426234753215102913e+01,1.000000364332982894e+00
2.000000000000000000e+00,2.010000000000000000e+02,1.440620149054062082e+01,1.441235125669821926e+01,1.500036698717935046e-01,2.410693866750079906e-11,1.441235125668526074e+01,1.000000364355795979e+00
2.000000000000000000e+00,2.020000000000000000e+02,1.455620518445087974e+01,1.456235500514885928e+01,1.500036939102571132e-01,-1.013731321108935064e-10,1.456235500520332948e+01,1.000000364259862939e+00
2.000000000000000000e+00,2.030000000000000000e+02,1.470620885432268032e+01,1.471235873004619954e+01,1.500036698717953088e-01,3.307540907826477843e-10,1.471235872986846971e+01,1.000000364572869005e+00
2.000000000000000000e+00,2.040000000000000000e+02,1.485621254823293036e+01,1.486236247843424962e+01,1.500036939102553923e-01,-3.175948393163707806e-11,1.486236247845130976e+01,1.000000364542813047e+00
2.000000000000000000e+00,2.050000000000000000e+02,1.500621621810472917e+01,1.501236620278383072e+01,1.500036698717953088e-01,-2.220374994976737071e-10,1.501236620290313972e+01,1.000000364332690017e+00
2.000000000000000000e+00,2.060000000000000000e+02,1.515621991201497920e+01,1.516236995159442991e+01,1.500036939102571132e-01,1.297824070434216992e-10,1.516236995152469014e+01,1.000000364455509105e+00
2.000000000000000000e+00,2.070000000000000000e+02,1.530622358188677978e+01,1.531237367594400922e+01,1.500036698717953088e-01,-1.221387435634823956e-10,1.531237367600964028e+01,1.000000364339924008e+00
2.000000000000000000e+00,2.080000000000000000e+02,1.545622727579704048e+01,1.546237742492676048e+01,1.500036939102553923e-01,3.545288507211807882e-10,1.546237742473626042e+01,1.000000364675428965e+00
2.000000000000000000e+00,2.090000000000000000e+02,1.560623094566883040e+01,1.561238114927633980e+01,1.500036698717953088e-01,-3.436184670135843853e-11,1.561238114929481036e+01,1.000000364642910977e+00
2.000000000000000000e+00,2.100000000000000000e+02,1.575623463957908932e+01,1.576238489786783958e+01,1.500036939102571132e-01,-3.500844059090014262e-11,1.576238489788664943e+01,1.000000364609781034e+00
2.000000000000000000e+00,2.110000000000000000e+02,1.590623830945087924e+01,1.591238862235826979e+01,1.500036698717935046e-01,-9.297629333104850957e-11,1.591238862240822982e+01,1.000000364521794083e+00
2.000000000000000000e+00,2.120000000000000000e+02,1.605624200336114171e+01,1.606239237091847016e+01,1.500036939102571132e-01,-7.963762982399202883e-11,1.606239237096125905e+01,1.000000364446429035e+00
2.000000000000000000e+00,2.130000000000000000e+02,1.620624567323293164e+01,1.621239609537760984e+01,1.500036698717935046e-01,-1.237516755736577972e-10,1.621239609544409888e+01,1.000000364329318048e+00
2.000000000000000000e+00,2.140000000000000000e+02,1.635624937515601118e+01,1.636239985215406989e+01,1.500037019230794910e-01,1.361435408853139961e-10,1.636239985208091952e+01,1.000000364458156099e+00
2.000000000000000000e+00,2.150000000000000000e+02,1.650625303701498936e+01,1.651240356838128065e+01,1.500036618589745963e-01,-2.286668632223153901e-10,1.651240356850415125e+01,1.000000364241758977e+00
2.000000000000000000e+00,2.160000000000000000e+02,1.665625673893805825e+01,1.666240732515775136e+01,1.500037019230759938e-01,9.290701541431189980e-11,1.666240732510782863e+01,1.000000364329681091e+00
2.000000000000000000e+00,2.170000000000000000e+02,1.680626040880985883e+01,1.681241104955428867e+01,1.500036698717935046e-01,-7.612399599565833341e-11,1.681241104959519106e+01,1.000000364257642049e+00
2.000000000000000000e+00,2.180000000000000000e+02,1.695626410272010887e+01,1.696241479825533105e+01,1.500036939102571132e-01,1.098960922263358952e-10,1.696241479819628140e+01,1.000000364361641081e+00
2.000000000000000000e+00,2.190000000000000000e+02,1.710626777259190945e+01,1.711241852251102102e+01,1.500036698717935046e-01,-2.126441245309252085e-10,1.711241852262527985e+01,1.000000364160406940e+00
2.000000000000000000e+00,2.200000000000000000e+02,4.887044086113712799e-02,5.502124579013922129e-02,1.500036939102571132e-01,2.702211787664055009e-10,5.502124564493896669e-02,1.000000364416127940e+00
2.000000000000000000e+00,2.210000000000000000e+02,1.988741107329320135e-01,2.050249701397235946e-01,1.500036698717948924e-01,-4.076738946423574816e-11,2.050249701616287945e-01,1.000000364377549023e+00
2.000000000000000000e+00,2.220000000000000000e+02,3.488777565662654068e-01,3.550286707638470873e-01,1.500036458333333100e-01,1.109246028363486015e-10,3.550286707042437095e-01,1.000000364482521054e+00
2.000000000000000000e+00,2.230000000000000000e+02,4.988814745149833252e-01,5.050324433468549312e-01,1.500037179487180017e-01,2.015987377035343929e-11,5.050324433360221521e-01,1.000000364501598904e+00
2.000000000000000000e+00,2.240000000000000000e+02,6.488851764380602072e-01,6.550361999511719047e-01,1.500037019230769098e-01,1.548272621221257982e-11,6.550361999428515603e-01,1.000000364516250961e+00
2.000000000000000000e+00,2.250000000000000000e+02,7.988888463098551274e-01,8.050399244885567684e-01,1.500036698717948924e-01,-4.865441383117286023e-12,8.050399244911707886e-01,1.000000364511647089e+00
2.000000000000000000e+00,2.260000000000000000e+02,9.488925402201114911e-01,9.550436730644030758e-01,1.500036939102563915e-01,-1.511679670329613145e-11,9.550436730725266887e-01,1.000000364497340977e+00
2.000000000000000000e+00,2.270000000000000000e+02,1.098896210091905967e+00,1.105047397335737092e+00,1.500036698717948924e-01,-2.845226276804169174e-10,1.105047397488621908e+00,1.000000364228085914e+00
2.000000000000000000e+00,2.280000000000000000e+02,1.248899904002163108e+00,1.255051146255883987e+00,1.500036939102565026e-01,2.214477490269927981e-10,1.255051146136892948e+00,1.000000364437650946e+00
2.000000000000000000e+00,2.290000000000000000e+02,1.398903573873957917e+00,1.405054870558519076e+00,1.500036698717948092e-01,-1.171542862721252928e-10,1.405054870621470053e+00,1.000000364326782964e+00
2.000000000000000000e+00,2.300000000000000000e+02,1.548907275797035021e+00,1.555058627475836008e+00,1.500037019230771040e-01,2.809237287237920100e-10,1.555058627324886089e+00,1.000000364592632085e+00
2.000000000000000000e+00,2.310000000000000000e+02,1.698910945668830053e+00,1.705062352013221094e+00,1.500036698717948092e-01,1.263078530655548093e-10,1.705062351945352050e+00,1.000000364712162026e+00
2.000000000000000000e+00,2.320000000000000000e+02,1.848914639579086083e+00,1.855066100385617034e+00,1.500036939102565026e-01,-1.781632619213268950e-10,1.855066100481350011e+00,1.000000364543558895e+00
2.000000000000000000e+00,2.330000000000000000e+02,1.998918309450880892e+00,2.005069825251653004e+00,1.500036698717948092e-01,2.156355094484752044e-10,2.005069825135783024e+00,1.000000364747624104e+00
2.000000000000000000e+00,2.340000000000000000e+02,2.148922011373957996e+00,2.155073581542969130e+00,1.500037019230771040e-01,-2.293862877422724916e-10,2.155073581666226090e+00,1.000000364530545971e+00
2.000000000000000000e+00,2.350000000000000000e+02,2.298925681245752806e+00,2.305077306362054212e+00,1.500036698717948092e-01,1.431139651231206048e-10,2.305077306285153949e+00,1.000000364665980968e+00
2.000000000000000000e+00,2.360000000000000000e+02,2.448929375156009058e+00,2.455081054765750004e+00,1.500036939102563083e-01,-1.309032882090833089e-10,2.455081054836090182e+00,1.000000364542102060e+00
2.000000000000000000e+00,2.370000000000000000e+02,2.598933045027803868e+00,2.605084779443985976e+00,1.500036698717948092e-01,5.344702458387474244e-11,2.605084779415265839e+00,1.000000364592680935e+00
2.000000000000000000e+00,2.380000000000000000e+02,2.748936746950881194e+00,2.755088536095251950e+00,1.500037019230769098e-01,6.665779039849439869e-11,2.755088536059434823e+00,1.000000364655762031e+00
2.000000000000000000e+00,2.390000000000000000e+02,2.898940416822676003e+00,2.905092260429186890e+00,1.500036698717948092e-01,-2.017443989643651941e-10,2.905092260537592175e+00,1.000000364464842972e+00
2.000000000000000000e+00,2.400000000000000000e+02,3.048944110732931811e+00,3.055096009349334008e+00,1.500036939102566969e-01,2.304130219954458880e-10,3.055096009225525044e+00,1.000000364682892107e+00
2.000000000000000000e+00,2.410000000000000000e+02,3.198947780604727065e+00,3.205099733448518062e+00,1.500036698717948092e-01,-3.525748581978405127e-10,3.205099733637969184e+00,1.000000364349235893e+00
2.000000000000000000e+00,2.420000000000000000e+02,3.348951482527803947e+00,3.355103490334534921e+00,1.500037019230769098e-01,1.197548726850073112e-10,3.355103490270185951e+00,1.000000364462565017e+00
2.000000000000000000e+00,2.430000000000000000e+02,3.498955152399599200e+00,3.505107214543269123e+00,1.500036698717948092e-01,-2.694342526865511900e-10,3.505107214688046202e+00,1.000000364207588976e+00
2.000000000000000000e+00,2.440000000000000000e+02,3.648958846309855009e+00,3.655110963385165945e+00,1.500036939102566969e-01,1.543796201985969932e-10,3.655110963302211857e+00,1.000000364353683890e+00
2.000000000000000000e+00,2.450000000000000000e+02,3.798962516181649818e+00,3.805114687656499850e+00,1.500036698717948092e-01,-1.718962749919228114e-10,3.805114687748866853e+00,1.000000364191012014e+00
2.000000000000000000e+00,2.460000000000000000e+02,3.948966218104727144e+00,3.955118444589468041e+00,1.500037019230769098e-01,2.875246707390032890e-10,3.955118444434971181e+00,1.000000364463107916e+00
2.000000000000000000e+00,2.470000000000000000e+02,4.098969887976521065e+00,4.105122168986002684e+00,1.500036698717938932e-01,8.434142273472389206e-12,4.105122168981470310e+00,1.000000364471089975e+00
2.000000000000000000e+00,2.480000000000000000e+02,4.248973581886778206e+00,4.255125917358398624e+00,1.500036939102571132e-01,-2.053397452073114044e-10,4.255125917468734364e+00,1.000000364276768972e+00
2.000000000000000000e+00,2.490000000000000000e+02,4.398977251758572571e+00,4.405129642271384149e+00,1.500036698717943928e-01,2.880042870856414083e-10,4.405129642116629718e+00,1.000000364549318954e+00
2.000000000000000000e+00,2.500000000000000000e+02,4.548980953681648565e+00,4.555133398280999835e+00,1.500037019230769098e-01,-4.424549615578143857e-10,4.555133398518745658e+00,1.000000364130605890e+00
2.000000000000000000e+00,2.510000000000000000e+02,4.698984623553444706e+00,4.705137123209635952e+00,1.500036698717953088e-01,1.981668162898130896e-10,4.705137123103153129e+00,1.000000364318138990e+00
2.000000000000000000e+00,2.520000000000000000e+02,4.848988325476521588e+00,4.855140879673101928e+00,1.500037019230769098e-01,-2.197353410338109825e-12,4.855140879674282317e+00,1.000000364316059098e+00
2.000000000000000000e+00,2.530000000000000000e+02,4.998991995348316841e+00,5.005144604257436569e+00,1.500036698717953088e-01,6.261302587518002838e-11,5.005144604223792371e+00,1.000000364375313033e+00
2.000000000000000000e+00,2.540000000000000000e+02,5.148995689258573094e+00,5.155148352958483393e+00,1.500036939102563083e-01,1.667928017923258918e-10,5.155148352868860862e+00,1.000000364533154995e+00
2.000000000000000000e+00,2.550000000000000000e+02,5.298999367143188088e+00,5.305152085180037780e+00,1.500036778846149943e-01,-2.547508870520687196e-10,5.305152085316925614e+00,1.000000364292074062e+00
